Address 1,City,Region,Postal Code,Country
255 MAIN ROAD,BLACKWOOD,SA,5051,AU
15 FACTORY STREET,POMONA,QLD,4568,AU
SHED 6 3 OWNEN CLOSE,PORTSMITH,QLD,4870,AU
2 JOHN ST,OAKEY,QLD,4401,AU
32-38 TELECOM ST,BEAUDESERT,QLD,4285,AU
27 ENTERPRISE CIRCUIT,DANDENONG SOUTH,VIC,3175,AU
63 HENRY ST,LINDENOW,VIC,3865,AU
4 FITZWILLIAM RD,OLD TOONGABBIE,NSW,2146,AU
2/21 REPTON ST,DAYTON,WA,6055,AU
45 RACECOURSE RD,CLERMONT,QLD,4721,AU
SHOP 13 / 993 PACIFIC HWY,BEROWRA,NSW,2081,AU
37 VICTORIA ST,WARWICK,QLD,4370,AU
10/4 AMAYLA CRES,CARRUM DOWNS,VIC,3201,AU
2015 IPSWICH RD,ROCKLEA,QLD,4106,AU
155-161 PRINCE ST,GRAFTON,NSW,2460,AU
38 CASSOLE PLACE,PENRITH,NSW,2750,AU
UNIT 23/43 BONVIEW CIRCUIT,TRUGANINA,VIC,3029,AU
UNIT 2/84 YERRICK RD,LAKEMBA,NSW,2195,AU
1 RIVERVIEW DRIVE,BERRI,SA,5343,AU
9 TRANSLINK DRIVE,KEILOR PARK,VIC,3042,AU
90 DURHAM ST,BATHURST,NSW,2795,AU
11 YORK STREET,SYDNEY,NSW,2000,AU
