Address 1,City,Region,Postal Code,Country,lat,lon
255 MAIN ROAD,BLACKWOOD,SA,5051,AU,-35.0211757,138.6179344
15 FACTORY STREET,POMONA,QLD,4568,AU,-26.3645865,152.8564653
SHED 6 3 OWNEN CLOSE,PORTSMITH,QLD,4870,AU,-16.933951,145.7707069
2 JOHN ST,OAKEY,QLD,4401,AU,-27.4309987,151.7187884
32-38 TELECOM ST,BEAUDESERT,QLD,4285,AU,-27.9882528,152.9959338
27 ENTERPRISE CIRCUIT,DANDENONG SOUTH,VIC,3175,AU,-38.08854600000001,145.1648648
63 HENRY ST,LINDENOW,VIC,3865,AU,-37.8024654,147.461901
4 FITZWILLIAM RD,OLD TOONGABBIE,NSW,2146,AU,-33.7866352,150.972679
2/21 REPTON ST,DAYTON,WA,6055,AU,-31.8499194,115.96821
45 RACECOURSE RD,CLERMONT,QLD,4721,AU,-22.8297153,147.621035
SHOP 13 / 993 PACIFIC HWY,BEROWRA,NSW,2081,AU,-33.6233405,151.1515097
37 VICTORIA ST,WARWICK,QLD,4370,AU,-28.2101673,152.036979
10/4 AMAYLA CRES,CARRUM DOWNS,VIC,3201,AU,-38.1048153,145.165524
2015 IPSWICH RD,ROCKLEA,QLD,4106,AU,-27.5627481,152.9908389
155-161 PRINCE ST,GRAFTON,NSW,2460,AU,-29.6870525,152.9362678
38 CASSOLE PLACE,PENRITH,NSW,2750,AU,-33.735521,150.6880796
UNIT 23/43 BONVIEW CIRCUIT,TRUGANINA,VIC,3029,AU,-37.8363441,144.7323423
UNIT 2/84 YERRICK RD,LAKEMBA,NSW,2195,AU,-33.9103086,151.0755777
1 RIVERVIEW DRIVE,BERRI,SA,5343,AU,-34.2880167,140.60079
9 TRANSLINK DRIVE,KEILOR PARK,VIC,3042,AU,-37.7232294,144.8491447
90 DURHAM ST,BATHURST,NSW,2795,AU,-33.4137819,149.5807448
11 YORK STREET,SYDNEY,NSW,2000,AU,-33.8653173,151.205494
